Workbook

Sheet Overview
A1: ClassType | D1: RegionType
A2: 0 | B2: 지휘관 | D2: 0 | E2: 위
A3: 1 | B3: 용장 | D3: 1 | E3: 촉
A4: 2 | B4: 선봉장 | D4: 2 | E4: 오
A5: 3 | B5: 추격자 | D5: 3 | E5: 중립
A6: 4 | B6: 궁장
A7: 5 | B7: 책사
A9: leadership | B9: 0 | F9: rice | G9: 1
A10: strength | B10: 1 | F10: gold | G10: =G9+1 -> 2
A11: intellect | B11: 2 | F11: time_stone | G11: =G10+1 -> 3
A12: politics | B12: 3 | F12: bundle_normal | G12: =G11+1 -> 4
A13: charisma | B13: 4 | F13: bundle_elite | G13: =G12+1 -> 5
F14: bundle_general | G14: =G13+1 -> 6
F15: bundle_hero | G15: =G14+1 -> 7
A16: normal | B16: 0 | F16: bundle_legend | G16: =G15+1 -> 8
A17: elite | B17: 1 | F17: public_soul_stone | G17: =G16+1 -> 9
A18: general | B18: 2 | F18: class_soul_stone | G18: =G17+1 -> 10
A19: hero | B19: 3 | F19: dedicated_soul_stone | G19: =G18+1 -> 11
A20: legend | B20: 4 | F20: class_soul_stone_random_box | G20: =G19+1 -> 12
F21: dedicated_soul_stone_random_box | G21: =G20+1 -> 13
F22: treasure | G22: =G21+1 -> 14
F23: treasure_piece | G23: =G22+1 -> 15
F24: treasure_piece_random_box | G24: =G23+1 -> 16

Sheet s_building
A1: key | B1: stat_type_1 | C1: stat_type_2
A2: string | B2: string | C2: string
A3: Palace | B3: Charisma
A4: Market | B4: Intellect | C4: Politics
A5: Farm | B5: Strength | C5: Politics
A6: Office
A7: Merchant | B7: Intellect | C7: Leadership
A8: Gate | B8: Strength | C8: Leadership

Sheet s_building_level
A1: key | B1: level | C1: req_stat_value_1 | D1: req_stat_value_2 | E1: character_slot_max | F1: upgrade_seconds
A2: string | B2: string | C2: string | D2: string | E2: int | F2: int
A3: NONE | B3: 1 | C3: 80 | D3: 80 | E3: 1 | F3: 0
A4: =A3 -> NONE | B4: =B3+1 -> 2 | C4: 150 | D4: 150 | E4: 2 | F4: 10
A5: =A4 -> NONE | B5: =B4+1 -> 3 | C5: 210 | D5: 210 | E5: 3 | F5: 7200
A6: =A5 -> NONE | B6: =B5+1 -> 4 | C6: 260 | D6: 260 | E6: 3 | F6: 43200
A7: =A6 -> NONE | B7: =B6+1 -> 5 | C7: 310 | D7: 310 | E7: 4 | F7: 86400
A8: =A7 -> NONE | B8: =B7+1 -> 6 | C8: 360 | D8: 360 | E8: 4 | F8: 129600
A9: =A8 -> NONE | B9: =B8+1 -> 7 | C9: 410 | D9: 410 | E9: 5 | F9: 172800
A10: =A9 -> NONE | B10: =B9+1 -> 8 | C10: 460 | D10: 460 | E10: 5 | F10: 259200
A11: =A10 -> NONE | B11: =B10+1 -> 9 | C11: 500 | D11: 500 | E11: 6 | F11: 345600
A12: =A11 -> NONE | B12: =B11+1 -> 10 | C12: 600 | D12: 600 | E12: 6 | F12: 518400
A13: Palace | B13: 1 | C13: 80 | D13: 0 | E13: 1 | F13: 0
A14: Palace | B14: =B13+1 -> 2 | C14: 180 | D14: 0 | E14: 2 | F14: 30
A15: Palace | B15: =B14+1 -> 3 | C15: 250 | D15: 0 | E15: 3 | F15: 14400
A16: Palace | B16: =B15+1 -> 4 | C16: 310 | D16: 0 | E16: 3 | F16: 86400
A17: Palace | B17: =B16+1 -> 5 | C17: 370 | D17: 0 | E17: 4 | F17: 172800
A18: Palace | B18: =B17+1 -> 6 | C18: 430 | D18: 0 | E18: 4 | F18: 259200
A19: Palace | B19: =B18+1 -> 7 | C19: 490 | D19: 0 | E19: 5 | F19: 345600
A20: Palace | B20: =B19+1 -> 8 | C20: 550 | D20: 0 | E20: 5 | F20: 432000
A21: Palace | B21: =B20+1 -> 9 | C21: 600 | D21: 0 | E21: 6 | F21: 604800
A22: Palace | B22: =B21+1 -> 10 | C22: 700 | D22: 0 | E22: 6 | F22: 864000

Sheet s_palace_effect
A1: level | B1: level_cap | C1: save_time_time_stone | D1: save_time_ad
A2: int | B2: int | C2: int | D2: int
A3: 1 | B3: 1 | C3: 10 | D3: 30
A4: 2 | B4: 2 | C4: 11 | D4: 33
A5: 3 | B5: 3 | C5: 12 | D5: 36
A6: 4 | B6: 4 | C6: 13 | D6: 39
A7: 5 | B7: 5 | C7: 14 | D7: 42
A8: 6 | B8: 6 | C8: 15 | D8: 45
A9: 7 | B9: 7 | C9: 16 | D9: 48
A10: 8 | B10: 8 | C10: 17 | D10: 52
A11: 9 | B11: 9 | C11: 18 | D11: 56
A12: 10 | B12: 10 | C12: 20 | D12: 60

Sheet s_farm_effect
A1: level | B1: rice_per_sec_base | C1: rice_storage_base
A2: int | B2: int | C2: int
A3: 1 | B3: 5 | C3: 5000
A4: 2 | B4: 60 | C4: 10000
A5: 3 | B5: 115 | C5: 15000
A6: 4 | B6: 170 | C6: 20000
A7: 5 | B7: 225 | C7: 25000
A8: 6 | B8: 280 | C8: 30000
A9: 7 | B9: 335 | C9: 35000
A10: 8 | B10: 390 | C10: 40000
A11: 9 | B11: 445 | C11: 45000
A12: 10 | B12: 500 | C12: 50000

Sheet s_market_effect
A1: level | B1: gold_per_sec_base | C1: gold_storage_base
A2: int | B2: string | C2: int
A3: 1 | B3: 0.5 | C3: 500
A4: 2 | B4: 6 | C4: 1000
A5: 3 | B5: 11.5 | C5: 1500
A6: 4 | B6: 17 | C6: 2000
A7: 5 | B7: 22.5 | C7: 2500
A8: 6 | B8: 28 | C8: 3000
A9: 7 | B9: 33.5 | C9: 3500
A10: 8 | B10: 39 | C10: 4000
A11: 9 | B11: 44.5 | C11: 4500
A12: 10 | B12: 50 | C12: 5000

Sheet s_gate_effect
A1: level | B1: npc_duration_sec
A2: int | B2: int
A3: 1 | B3: 1800
A4: 2 | B4: 3600
A5: 3 | B5: 5400
A6: 4 | B6: 7200
A7: 5 | B7: 9000
A8: 6 | B8: 10800
A9: 7 | B9: 12600
A10: 8 | B10: 14400
A11: 9 | B11: 16200
A12: 10 | B12: 18000

Sheet s_office_effect
A1: level | B1: mission_count | C1: normal_rate | D1: master_rate | E1: legend_rate
A2: int | B2: int | C2: int | D2: int | E2: int
A3: 1 | B3: 3 | C3: 90 | D3: 9 | E3: 1
A4: 2 | B4: 3 | C4: 87 | D4: 11 | E4: 2
A5: 3 | B5: 4 | C5: 84 | D5: 13 | E5: 3
A6: 4 | B6: 5 | C6: 81 | D6: 15 | E6: 4
A7: 5 | B7: 6 | C7: 78 | D7: 17 | E7: 5
A8: 6 | B8: 6 | C8: 75 | D8: 19 | E8: 6
A9: 7 | B9: 7 | C9: 72 | D9: 21 | E9: 7
A10: 8 | B10: 8 | C10: 68 | D10: 24 | E10: 8
A11: 9 | B11: 9 | C11: 64 | D11: 27 | E11: 9
A12: 10 | B12: 10 | C12: 60 | D12: 30 | E12: 10

Sheet s_merchant_effect
A1: level | B1: discount_rate_base | C1: grade_up_rate_base | D1: item_count
A2: int | B2: string | C2: string | D2: int
A3: 1 | B3: 0.005 | C3: 0 | D3: 3
A4: 2 | B4: 0.007 | C4: 0 | D4: 4
A5: 3 | B5: 0.0095 | C5: 0 | D5: 4
A6: 4 | B6: 0.0115 | C6: 0 | D6: 5
A7: 5 | B7: 0.014 | C7: 0 | D7: 5
A8: 6 | B8: 0.016 | C8: 0 | D8: 6
A9: 7 | B9: 0.0185 | C9: 0 | D9: 6
A10: 8 | B10: 0.0205 | C10: 0 | D10: 7
A11: 9 | B11: 0.023 | C11: 0 | D11: 7
A12: 10 | B12: 0.025 | C12: 0 | D12: 8

Sheet s_office_mission
A1: key | B1: #mission_name | C1: req_stat_type | D1: relic_key
A2: string | B2: varchar(50) | C2: string | D2: string
A3: military_training | B3: 군사 훈련 지휘 | C3: 0
A4: rally_remnants | B4: 패잔병 수습 | C4: 0
A5: bandit_subjugation | B5: 산적 토벌 | C5: 1
A6: border_defense | B6: 변경 수비 | C6: 1
A7: tax_reform | B7: 조세 제도 정비 | C7: 3
A8: foreign_diplomacy | B8: 인근 제후국 외교 | C8: 3
A9: enemy_intelligence | B9: 적진 첩보 수집 | C9: 2
A10: tactics_research | B10: 병법서 연구 | C10: 2
A11: refugee_persuasion | B11: 유랑민 귀순 설득 | C11: 4
A12: recruit_talent | B12: 재야 인재 영입 | C12: 4

Sheet s_office_mission_grade
A1: #key | B1: key | C1: duration_seconds | D1: mission_xp | E1: req_stat_value
A2: string | B2: int | C2: int | D2: int | E2: int
A3: normal | B3: =VLOOKUP(A3,Overview!$A$16:$B$20,2,FALSE) -> 0 | C3: 3600 | D3: 10 | E3: 100
A4: general | B4: =VLOOKUP(A4,Overview!$A$16:$B$20,2,FALSE) -> 2 | C4: 21600 | D4: 60 | E4: 300
A5: legend | B5: =VLOOKUP(A5,Overview!$A$16:$B$20,2,FALSE) -> 4 | C5: 86400 | D5: 240 | E5: 500

Sheet s_office_mission_reward_pool
A1: key | B1: #grade | C1: grade | D1: unlock_pct | E1: reward_key | F1: reward_min | G1: reward_max | H1: drop_rate
A2: string | C2: int | D2: int | E2: string | F2: int | G2: int | H2: string
A3: leadership | B3: normal | C3: =VLOOKUP(B3,Overview!$A$16:$B$20,2,FALSE) -> 0 | D3: 0 | E3: rice | F3: 100 | G3: 200 | H3: 1
A4: leadership | B4: normal | C4: =VLOOKUP(B4,Overview!$A$16:$B$20,2,FALSE) -> 0 | D4: 0 | E4: rice | F4: 50 | G4: 100 | H4: 1
A5: leadership | B5: normal | C5: =VLOOKUP(B5,Overview!$A$16:$B$20,2,FALSE) -> 0 | D5: 25 | E5: rice | F5: 1 | G5: 1 | H5: 0.35
A6: leadership | B6: normal | C6: =VLOOKUP(B6,Overview!$A$16:$B$20,2,FALSE) -> 0 | D6: 25 | E6: gold | F6: 1 | G6: 1 | H6: 0.3
A7: leadership | B7: normal | C7: =VLOOKUP(B7,Overview!$A$16:$B$20,2,FALSE) -> 0 | D7: 50 | E7: rice | F7: 1 | G7: 1 | H7: 0.2
A8: leadership | B8: normal | C8: =VLOOKUP(B8,Overview!$A$16:$B$20,2,FALSE) -> 0 | D8: 50 | E8: gold | F8: 1 | G8: 1 | H8: 1
A9: leadership | B9: normal | C9: =VLOOKUP(B9,Overview!$A$16:$B$20,2,FALSE) -> 0 | D9: 100 | E9: bundle_elite | F9: 1 | G9: 1 | H9: 1
A10: leadership | B10: general | C10: =VLOOKUP(B10,Overview!$A$16:$B$20,2,FALSE) -> 2 | D10: 0 | E10: rice | F10: 500 | G10: 800 | H10: 0.4
A11: leadership | B11: general | C11: =VLOOKUP(B11,Overview!$A$16:$B$20,2,FALSE) -> 2 | D11: 0 | E11: rice | F11: 200 | G11: 400 | H11: 0.35
A12: leadership | B12: general | C12: =VLOOKUP(B12,Overview!$A$16:$B$20,2,FALSE) -> 2 | D12: 25 | E12: rice | F12: 1 | G12: 2 | H12: 0.3
A13: leadership | B13: general | C13: =VLOOKUP(B13,Overview!$A$16:$B$20,2,FALSE) -> 2 | D13: 25 | E13: gold | F13: 1 | G13: 1 | H13: 0.2
A14: leadership | B14: general | C14: =VLOOKUP(B14,Overview!$A$16:$B$20,2,FALSE) -> 2 | D14: 50 | E14: rice | F14: 1 | G14: 1 | H14: 1
... A96: charisma | B96: legend | C96: =VLOOKUP(B96,Overview!$A$16:$B$20,2,FALSE) -> 4 | D96: 100 | E96: treasure | F96: 1 | G96: 1 | H96: 15

Sheet s_office_level
A1: level | B1: req_xp | C1: accum_xp
A2: int | B2: int | C2: int
A3: 1 | B3: 0 | C3: 0
A4: 2 | B4: 1200 | C4: 1200
A5: 3 | B5: 2400 | C5: 3600
A6: 4 | B6: 4800 | C6: 8400
A7: 5 | B7: 8400 | C7: 16800
A8: 6 | B8: 13200 | C8: 30000
A9: 7 | B9: 18000 | C9: 48000
A10: 8 | B10: 22800 | C10: 70800
A11: 9 | B11: 31200 | C11: 102000
A12: 10 | B12: 42000 | C12: 144000
