Workbook

Sheet Overview
A2: gold | B2: 1 | D2: character | E2: 0
A3: rice | B3: =B2+1 -> 2 | D3: castle | E3: =E2+1 -> 1
A4: time_stone | B4: =B3+1 -> 3 | D4: dungeon | E4: =E3+1 -> 2
A5: bundle_normal | B5: =B4+1 -> 4 | D5: shop | E5: =E4+1 -> 3
A6: bundle_elite | B6: =B5+1 -> 5 | D6: gacha | E6: =E5+1 -> 4
A7: bundle_general | B7: =B6+1 -> 6 | D7: story | E7: =E6+1 -> 5
A8: bundle_hero | B8: =B7+1 -> 7 | D8: raid | E8: =E7+1 -> 6
A9: bundle_legend | B9: =B8+1 -> 8 | D9: profile | E9: =E8+1 -> 7
A10: public_soul_stone | B10: =B9+1 -> 9 | D10: tournament | E10: =E9+1 -> 8
A11: class_soul_stone | B11: =B10+1 -> 10
A12: dedicated_soul_stone | B12: =B11+1 -> 11
A13: class_soul_stone_random_box | B13: =B12+1 -> 12
A14: dedicated_soul_stone_random_box | B14: =B13+1 -> 13
A15: treasure | B15: =B14+1 -> 14
A16: treasure_piece | B16: =B15+1 -> 15
A17: treasure_piece_random_box | B17: =B16+1 -> 16
A18: normal_gatcha_ticket | B18: =B17+1 -> 17
A19: rare_gatcha_ticket | B19: =B18+1 -> 18
A22: login | B22: 0 | D22: daily | E22: 0
A23: enemy_kill | B23: 1 | D23: weekly | E23: 1
A24: tournament_play | B24: 2
A25: raid_play | B25: 3
A26: gacha_proceed | B26: 4
A27: rice_claim | B27: 5
A28: gole_claim | B28: 6
A29: office_dispatch | B29: 7
A30: daily_dungeon_play | B30: 8
A31: stage_boss_kill | B31: 9
A32: ads_watch | B32: 10
A33: item_buy | B33: 11
A34: item_use | B34: 12

Sheet s_quest_reward
A1: #type | B1: type | C1: target_value | D1: #reward_item_key | E1: reward_item_key | F1: reward_count
A2: string | B2: string | C2: string | D2: string | E2: int | F2: int
A3: daily | B3: =VLOOKUP(A3,Overview!D$22:E$23,2,FALSE) -> 0 | C3: 2 | D3: rice | E3: =VLOOKUP(D3,Overview!A$2:B$19,2,FALSE) -> 2 | F3: 100
A4: daily | B4: =VLOOKUP(A4,Overview!D$22:E$23,2,FALSE) -> 0 | C4: 4 | D4: rice | E4: =VLOOKUP(D4,Overview!A$2:B$19,2,FALSE) -> 2 | F4: 100
A5: daily | B5: =VLOOKUP(A5,Overview!D$22:E$23,2,FALSE) -> 0 | C5: 6 | D5: rice | E5: =VLOOKUP(D5,Overview!A$2:B$19,2,FALSE) -> 2 | F5: 100
A6: daily | B6: =VLOOKUP(A6,Overview!D$22:E$23,2,FALSE) -> 0 | C6: 8 | D6: rice | E6: =VLOOKUP(D6,Overview!A$2:B$19,2,FALSE) -> 2 | F6: 100
A7: daily | B7: =VLOOKUP(A7,Overview!D$22:E$23,2,FALSE) -> 0 | C7: 10 | D7: rice | E7: =VLOOKUP(D7,Overview!A$2:B$19,2,FALSE) -> 2 | F7: 100
A8: weekly | B8: =VLOOKUP(A8,Overview!D$22:E$23,2,FALSE) -> 1 | C8: 2 | D8: rice | E8: =VLOOKUP(D8,Overview!A$2:B$19,2,FALSE) -> 2 | F8: 100
A9: weekly | B9: =VLOOKUP(A9,Overview!D$22:E$23,2,FALSE) -> 1 | C9: 4 | D9: rice | E9: =VLOOKUP(D9,Overview!A$2:B$19,2,FALSE) -> 2 | F9: 100
A10: weekly | B10: =VLOOKUP(A10,Overview!D$22:E$23,2,FALSE) -> 1 | C10: 6 | D10: rice | E10: =VLOOKUP(D10,Overview!A$2:B$19,2,FALSE) -> 2 | F10: 100
A11: weekly | B11: =VLOOKUP(A11,Overview!D$22:E$23,2,FALSE) -> 1 | C11: 8 | D11: rice | E11: =VLOOKUP(D11,Overview!A$2:B$19,2,FALSE) -> 2 | F11: 100
A12: weekly | B12: =VLOOKUP(A12,Overview!D$22:E$23,2,FALSE) -> 1 | C12: 10 | D12: rice | E12: =VLOOKUP(D12,Overview!A$2:B$19,2,FALSE) -> 2 | F12: 100

Sheet s_quest
A1: #key | B1: key | C1: #type | D1: type | E1: target_value | F1: #reward_item_key | G1: reward_item_key | H1: reward_count
A2: string | B2: string | C2: string | D2: string | E2: string | F2: string | G2: int | H2: int
A3: login | B3: =VLOOKUP(A3,Overview!A$22:B$34,2,FALSE) -> 0 | C3: daily | D3: =VLOOKUP(C3,Overview!D$22:E$23,2,FALSE) -> 0 | E3: 1 | F3: rice | G3: =VLOOKUP(F3,Overview!A$2:B$19,2,FALSE) -> 2 | H3: 100
A4: enemy_kill | B4: =VLOOKUP(A4,Overview!A$22:B$34,2,FALSE) -> 1 | C4: daily | D4: =VLOOKUP(C4,Overview!D$22:E$23,2,FALSE) -> 0 | E4: 5 | F4: rice | G4: =VLOOKUP(F4,Overview!A$2:B$19,2,FALSE) -> 2 | H4: 100
A5: tournament_play | B5: =VLOOKUP(A5,Overview!A$22:B$34,2,FALSE) -> 2 | C5: daily | D5: =VLOOKUP(C5,Overview!D$22:E$23,2,FALSE) -> 0 | E5: 2 | F5: rice | G5: =VLOOKUP(F5,Overview!A$2:B$19,2,FALSE) -> 2 | H5: 100
A6: raid_play | B6: =VLOOKUP(A6,Overview!A$22:B$34,2,FALSE) -> 3 | C6: daily | D6: =VLOOKUP(C6,Overview!D$22:E$23,2,FALSE) -> 0 | E6: 1 | F6: rice | G6: =VLOOKUP(F6,Overview!A$2:B$19,2,FALSE) -> 2 | H6: 100
A7: gacha_proceed | B7: =VLOOKUP(A7,Overview!A$22:B$34,2,FALSE) -> 4 | C7: daily | D7: =VLOOKUP(C7,Overview!D$22:E$23,2,FALSE) -> 0 | E7: 1 | F7: rice | G7: =VLOOKUP(F7,Overview!A$2:B$19,2,FALSE) -> 2 | H7: 100
A8: rice_claim | B8: =VLOOKUP(A8,Overview!A$22:B$34,2,FALSE) -> 5 | C8: daily | D8: =VLOOKUP(C8,Overview!D$22:E$23,2,FALSE) -> 0 | E8: 1 | F8: rice | G8: =VLOOKUP(F8,Overview!A$2:B$19,2,FALSE) -> 2 | H8: 100
A9: gole_claim | B9: =VLOOKUP(A9,Overview!A$22:B$34,2,FALSE) -> 6 | C9: daily | D9: =VLOOKUP(C9,Overview!D$22:E$23,2,FALSE) -> 0 | E9: 1 | F9: rice | G9: =VLOOKUP(F9,Overview!A$2:B$19,2,FALSE) -> 2 | H9: 100
A10: office_dispatch | B10: =VLOOKUP(A10,Overview!A$22:B$34,2,FALSE) -> 7 | C10: daily | D10: =VLOOKUP(C10,Overview!D$22:E$23,2,FALSE) -> 0 | E10: 3 | F10: rice | G10: =VLOOKUP(F10,Overview!A$2:B$19,2,FALSE) -> 2 | H10: 100
A11: daily_dungeon_play | B11: =VLOOKUP(A11,Overview!A$22:B$34,2,FALSE) -> 8 | C11: daily | D11: =VLOOKUP(C11,Overview!D$22:E$23,2,FALSE) -> 0 | E11: 2 | F11: rice | G11: =VLOOKUP(F11,Overview!A$2:B$19,2,FALSE) -> 2 | H11: 100
A12: stage_boss_kill | B12: =VLOOKUP(A12,Overview!A$22:B$34,2,FALSE) -> 9 | C12: daily | D12: =VLOOKUP(C12,Overview!D$22:E$23,2,FALSE) -> 0 | E12: 1 | F12: rice | G12: =VLOOKUP(F12,Overview!A$2:B$19,2,FALSE) -> 2 | H12: 100
A13: ads_watch | B13: =VLOOKUP(A13,Overview!A$22:B$34,2,FALSE) -> 10 | C13: daily | D13: =VLOOKUP(C13,Overview!D$22:E$23,2,FALSE) -> 0 | E13: 1 | F13: rice | G13: =VLOOKUP(F13,Overview!A$2:B$19,2,FALSE) -> 2 | H13: 100
A14: item_buy | B14: =VLOOKUP(A14,Overview!A$22:B$34,2,FALSE) -> 11 | C14: daily | D14: =VLOOKUP(C14,Overview!D$22:E$23,2,FALSE) -> 0 | E14: 1 | F14: rice | G14: =VLOOKUP(F14,Overview!A$2:B$19,2,FALSE) -> 2 | H14: 100
... A28: item_use | B28: =VLOOKUP(A28,Overview!A$22:B$34,2,FALSE) -> 12 | C28: weekly | D28: =VLOOKUP(C28,Overview!D$22:E$23,2,FALSE) -> 1 | E28: 7 | F28: rice | G28: =VLOOKUP(F28,Overview!A$2:B$19,2,FALSE) -> 2 | H28: 100

Sheet s_guide_quest
A1: #key | B1: key | C1: start_stage | D1: target_value | E1: navigation | F1: #reward | G1: reward_item | H1: reward_count
A2: string | B2: string | C2: string | D2: string | E2: string | F2: int | G2: int | H2: int
B3: move | C3: 1-1 | F3: rice | G3: =VLOOKUP(F3,Overview!$A$2:$B$19,2,FALSE) -> 2 | H3: 100
B4: normal_attack | D4: 5 | F4: gold | G4: =VLOOKUP(F4,Overview!$A$2:$B$19,2,FALSE) -> 1 | H4: 100
B5: main_skill_use | F5: rice | G5: =VLOOKUP(F5,Overview!$A$2:$B$19,2,FALSE) -> 2 | H5: 100
B6: dash_use | D6: 2 | F6: gold | G6: =VLOOKUP(F6,Overview!$A$2:$B$19,2,FALSE) -> 1 | H6: 100
B7: storymode_play | C7: 1-2 | E7: story | F7: rice | G7: =VLOOKUP(F7,Overview!$A$2:$B$19,2,FALSE) -> 2 | H7: 100
B8: character_deploy | E8: character | F8: gold | G8: =VLOOKUP(F8,Overview!$A$2:$B$19,2,FALSE) -> 1 | H8: 100
B9: daily_dungeon_play | C9: 1-3 | D9: 2 | E9: dungeon | F9: rice | G9: =VLOOKUP(F9,Overview!$A$2:$B$19,2,FALSE) -> 2 | H9: 100

Sheet s_guide_quest_repeat
A1: #key | B1: key | C1: start_stage | D1: target_value | E1: #navigation | F1: navigation | G1: #reward | H1: reward_item | I1: reward_count | J1: open_guide_quest
A2: string | B2: string | C2: string | D2: string | E2: string | F2: string | G2: string | H2: int | I2: int | J2: string
B3: enemy_kill | D3: 10 | G3: rice | H3: =VLOOKUP(G3,Overview!$A$2:$B$19,2,FALSE) -> 2 | I3: 100
B4: tournament_play | F4: tournament | G4: rice | H4: =VLOOKUP(G4,Overview!$A$2:$B$19,2,FALSE) -> 2 | I4: 100 | J4: TOURNAMENT
B5: raid_play | F5: raid | G5: rice | H5: =VLOOKUP(G5,Overview!$A$2:$B$19,2,FALSE) -> 2 | I5: 100 | J5: RAID
B6: gacha_progress | F6: gacha | G6: rice | H6: =VLOOKUP(G6,Overview!$A$2:$B$19,2,FALSE) -> 2 | I6: 100 | J6: GACHA
B7: farm_rice_earn | F7: castle | G7: rice | H7: =VLOOKUP(G7,Overview!$A$2:$B$19,2,FALSE) -> 2 | I7: 100 | J7: CASTLE
B8: market_gold_earn | F8: castle | G8: rice | H8: =VLOOKUP(G8,Overview!$A$2:$B$19,2,FALSE) -> 2 | I8: 100 | J8: CASTLE
B9: office_mission_progress | F9: castle,office,2 | G9: rice | H9: =VLOOKUP(G9,Overview!$A$2:$B$19,2,FALSE) -> 2 | I9: 100 | J9: CASTLE
B10: daily_dungeon_play | F10: dungeon | G10: rice | H10: =VLOOKUP(G10,Overview!$A$2:$B$19,2,FALSE) -> 2 | I10: 100 | J10: DAILY_DUNGEON_PLAY
B11: stage_boss_kill | G11: rice | H11: =VLOOKUP(G11,Overview!$A$2:$B$19,2,FALSE) -> 2 | I11: 100
