Workbook

Sheet Overview
B1: RegionType
B2: -1 | C2: 전체
B3: 0 | C3: 위
B4: 1 | C4: 촉
B5: 2 | C5: 오
B6: 3 | C6: 군웅

Sheet StoryMode_Node
A1: node_key | B1: #name | C1: region_type | D1: #regionName | E1: year | F1: character_key | G1: # | H1: # | I1: chapter_key | J1: stage_key | K1: is_conditional | L1: has_if_story | M1: reward_currency_type | N1: reward_currency_amount | O1: reward_character | P1: #reward_character_name | Q1: required_choice_seq | R1: is_active | S1: order_num | T1: next_node_key
A2: string | B2: string | C2: int | D2: string | E2: int | F2: string | G2: int | H2: int | I2: int | J2: int | K2: int | L2: int | M2: string | N2: int | O2: string | P2: varchar(100) | Q2: int | R2: int | S2: int | T2: string
A3: node_30a | B3: 간웅 | C3: 0 | D3: =VLOOKUP(C3,Overview!$B$2:$C$6,2,FALSE) -> 위 | E3: 184 | I3: 1 | J3: 1 | O3: XiahouDun, XiahouYuan | R3: 1 | S3: 1
A4: node_30b | B4: 도원결의 | C4: 1 | D4: =VLOOKUP(C4,Overview!$B$2:$C$6,2,FALSE) -> 촉 | E4: 184 | I4: 1 | J4: 1 | O4: GuanYu, ZhangFei | R4: 1 | S4: 1
A5: node_30c | B5: 강동의 호랑이 | C5: 2 | D5: =VLOOKUP(C5,Overview!$B$2:$C$6,2,FALSE) -> 오 | E5: 184 | I5: 1 | J5: 1 | O5: HuangGai,HanDang | R5: 1 | S5: 1
A6: node_1 | B6: 황천당립 | C6: 3 | D6: =VLOOKUP(C6,Overview!$B$2:$C$6,2,FALSE) -> 군웅 | E6: 184 | G6: 1 | H6: 10 | I6: 1 | J6: 2 | M6: gold | N6: 500 | S6: =S5+1 -> 2
A7: node_2 | B7: 철벽 | C7: 0 | D7: =VLOOKUP(C7,Overview!$B$2:$C$6,2,FALSE) -> 위 | E7: 190 | F7: 조인 | G7: 1 | H7: 10 | I7: 1 | J7: =J6+1 -> 3 | O7: CaoRen | P7: 조인 | R7: 1 | S7: =S6+1 -> 3
A8: node_3 | B8: 호로관 전투 | C8: -1 | D8: =VLOOKUP(C8,Overview!$B$2:$C$6,2,FALSE) -> 전체 | E8: 190 | G8: 2 | H8: 5 | I8: 1 | J8: =J7+1 -> 4 | M8: gold | N8: 500 | S8: =S7+1 -> 4
A9: node_4 | B9: 호랑이의 몰락 | C9: 2 | D9: =VLOOKUP(C9,Overview!$B$2:$C$6,2,FALSE) -> 오 | E9: 191 | F9: 손견 | G9: 2 | H9: 10 | I9: 1 | J9: =J8+1 -> 5 | O9: SunCe | P9: 손책 | R9: 1 | S9: =S8+1 -> 5
A10: node_5 | B10: 한실의 기둥 | C10: 0 | D10: =VLOOKUP(C10,Overview!$B$2:$C$6,2,FALSE) -> 위 | E10: 191 | F10: 순욱 | G10: 2 | H10: 10 | I10: 1 | J10: =J9+1 -> 6 | O10: XunYu | P10: 순욱 | R10: 1 | S10: =S9+1 -> 6
A11: node_6 | B11: 서주학살 | C11: 0 | D11: =VLOOKUP(C11,Overview!$B$2:$C$6,2,FALSE) -> 위 | E11: 193 | F11: 조조 | G11: 3 | H11: 1 | I11: 1 | J11: =J10+1 -> 7 | M11: gold | N11: 500 | S11: =S10+1 -> 7
A12: node_7 | B12: 서주구원 | C12: 1 | D12: =VLOOKUP(C12,Overview!$B$2:$C$6,2,FALSE) -> 촉 | E12: 193 | F12: 유비 | G12: 3 | H12: 1 | I12: 1 | J12: =J11+1 -> 8 | O12: TianYu | P12: 전예 | S12: =S11+1 -> 8
A13: node_8 | B13: 담보가 된 옥 | C13: 2 | D13: =VLOOKUP(C13,Overview!$B$2:$C$6,2,FALSE) -> 오 | E13: 194 | F13: 손책 | G13: 4 | H13: 1 | I13: 2 | J13: =J12+1 -> 9 | M13: gold | N13: 500 | S13: =S12+1 -> 9
A14: node_9 | B14: 미주랑 | C14: 2 | D14: =VLOOKUP(C14,Overview!$B$2:$C$6,2,FALSE) -> 오 | E14: 194 | F14: 주유 | G14: 4 | H14: 5 | I14: 2 | J14: =J13+1 -> 10 | O14: ZhouYu | P14: 주유 | R14: 1 | S14: =S13+1 -> 10
A15: node_10 | B15: 칠척극 | C15: 2 | D15: =VLOOKUP(C15,Overview!$B$2:$C$6,2,FALSE) -> 오 | E15: 195 | F15: 태사자 | G15: 4 | H15: 5 | I15: 2 | J15: 1 | O15: TaishiCi | P15: 태사자 | R15: 1 | S15: =S14+1 -> 11
A16: node_11 | B16: 헌제 옹립 | C16: 0 | D16: =VLOOKUP(C16,Overview!$B$2:$C$6,2,FALSE) -> 위 | E16: 196 | F16: 조조 | G16: 4 | H16: 5 | I16: 2 | J16: =J15+1 -> 2 | M16: gold | N16: 500 | S16: =S15+1 -> 12
A17: node_12a | B17: 백호 사냥 A | C17: 2 | D17: =VLOOKUP(C17,Overview!$B$2:$C$6,2,FALSE) -> 오 | E17: 196 | F17: 손책 | G17: 4 | H17: 5 | I17: 2 | J17: 2 | M17: gold | N17: 500 | S17: =S16+1 -> 13
A18: node_12b | B18: 백호 사냥 B | C18: 2 | D18: =VLOOKUP(C18,Overview!$B$2:$C$6,2,FALSE) -> 오 | E18: 196 | F18: 손책 | G18: 4 | H18: 5 | I18: 2 | J18: =J17+1 -> 3 | K18: 1 | O18: YanBaihu | P18: 엄백호 | Q18: 2 | S18: 13
A19: node_13 | B19: 여포의 최후 | C19: 0 | D19: =VLOOKUP(C19,Overview!$B$2:$C$6,2,FALSE) -> 위 | E19: 199 | G19: 6 | H19: 10 | I19: 2 | J19: =J18+1 -> 4 | O19: ZhangLiao | P19: 장료 | R19: 1 | S19: =S18+1 -> 14 | T19: node_27
A20: node_14 | B20: 청매자주논영웅 | C20: 1 | D20: =VLOOKUP(C20,Overview!$B$2:$C$6,2,FALSE) -> 촉 | E20: 199 | F20: 유비 | G20: 7 | H20: 1 | I20: 2 | J20: =J19+1 -> 5 | M20: gold | N20: 500 | S20: =S19+1 -> 15
A21: node_15 | B21: 용의 산책 | C21: 0 | D21: =VLOOKUP(C21,Overview!$B$2:$C$6,2,FALSE) -> 위 | E21: 200 | F21: 제갈량 | G21: 7 | H21: 1 | I21: 2 | J21: =J20+1 -> 6 | K21: 1 | M21: gold | N21: 500 | S21: =S20+1 -> 16
A22: node_16 | B22: 의의 갈림길 | C22: 1 | D22: =VLOOKUP(C22,Overview!$B$2:$C$6,2,FALSE) -> 촉 | E22: 200 | F22: 관우 | G22: 7 | H22: 5 | I22: 2 | J22: =J21+1 -> 7 | L22: 2 | M22: gold | N22: 500 | R22: 1 | S22: =S21+1 -> 17
A23: node_17 | B23: 복수의 칼날 | C23: 2 | D23: =VLOOKUP(C23,Overview!$B$2:$C$6,2,FALSE) -> 오 | E23: 200 | F23: 손권 | G23: 7 | H23: 5 | I23: 2 | J23: =J22+1 -> 8 | O23: SunQuan | P23: 손권 | R23: 1 | S23: =S22+1 -> 18
A24: node_18 | B24: 상산 조자룡 | C24: 1 | D24: =VLOOKUP(C24,Overview!$B$2:$C$6,2,FALSE) -> 촉 | E24: 200 | F24: 조운 | G24: 7 | H24: 5 | I24: 3 | J24: =J23+1 -> 9 | O24: ZhaoYun | P24: 조운 | R24: 1 | S24: =S23+1 -> 19
A25: node_19a | B25: 관도대전 A | C25: 0 | D25: =VLOOKUP(C25,Overview!$B$2:$C$6,2,FALSE) -> 위 | E25: 207 | F25: 조조 | G25: 7 | H25: 10 | I25: 3 | J25: 9 | M25: gold | N25: 500 | S25: =S24+1 -> 20
A26: node_19b | B26: 관도대전 B | C26: 0 | D26: =VLOOKUP(C26,Overview!$B$2:$C$6,2,FALSE) -> 위 | E26: 207 | F26: 곽가 | G26: 7 | H26: 10 | I26: 3 | J26: 1 | K26: 1 | O26: GuoJia | P26: 곽가 | Q26: 2 | S26: 20
A27: node_20 | B27: 와룡 | C27: 1 | D27: =VLOOKUP(C27,Overview!$B$2:$C$6,2,FALSE) -> 촉 | E27: 207 | F27: 제갈량 | G27: 8 | H27: 5 | I27: 3 | J27: =J26+1 -> 2 | O27: ZhugeLiang | P27: 제갈량 | R27: 1 | S27: =S26+1 -> 21
A28: node_21a | B28: 상산의 기개 A | C28: 1 | D28: =VLOOKUP(C28,Overview!$B$2:$C$6,2,FALSE) -> 촉 | E28: 208 | F28: 조운 | G28: 9 | H28: 5 | I28: 3 | J28: 2 | M28: gold | N28: 500 | S28: =S27+1 -> 22
A29: node_21b | B29: 상산의 기개 B | C29: 1 | D29: =VLOOKUP(C29,Overview!$B$2:$C$6,2,FALSE) -> 촉 | E29: 208 | F29: 조운 | G29: 9 | H29: 5 | I29: 3 | J29: =J28+1 -> 3 | K29: 1 | M29: gold | N29: 500 | S29: 22
A30: node_22 | B30: 여인의 기개 | C30: 1 | D30: =VLOOKUP(C30,Overview!$B$2:$C$6,2,FALSE) -> 촉 | E30: 208 | F30: 미부인 | G30: 9 | H30: 10 | I30: 3 | J30: =J29+1 -> 4 | K30: 1 | O30: MiFuren | P30: 미부인 | S30: =S29+1 -> 23
A31: node_23a | B31: 손권의 결단 A | C31: 2 | D31: =VLOOKUP(C31,Overview!$B$2:$C$6,2,FALSE) -> 오 | E31: 208 | F31: 손권 | G31: 10 | H31: 1 | I31: 3 | J31: 4 | M31: gold | N31: 500 | S31: =S30+1 -> 24
A32: node_23b | B32: 손권의 결단 B | C32: 2 | D32: =VLOOKUP(C32,Overview!$B$2:$C$6,2,FALSE) -> 오 | E32: 208 | F32: 손권 | G32: 10 | H32: 1 | I32: 3 | J32: =J31+1 -> 5 | K32: 1 | M32: gold | N32: 500 | S32: 24
A33: node_24a | B33: 강을 태운 불꽃 A | C33: 2 | D33: =VLOOKUP(C33,Overview!$B$2:$C$6,2,FALSE) -> 오 | E33: 208 | F33: 황개 | G33: 10 | H33: 5 | I33: 3 | J33: 5 | M33: gold | N33: 500 | S33: =S32+1 -> 25
A34: node_24b | B34: 강을 태운 불꽃 B | C34: 0 | D34: =VLOOKUP(C34,Overview!$B$2:$C$6,2,FALSE) -> 위 | E34: 208 | F34: 조조 | G34: 10 | H34: 5 | I34: 3 | J34: =J33+1 -> 6 | K34: 1 | M34: gold | N34: 500 | S34: 25 | T34: node_28
A35: node_25 | B35: 화용도의 갈림길 | C35: 1 | D35: =VLOOKUP(C35,Overview!$B$2:$C$6,2,FALSE) -> 촉 | E35: 208 | F35: 관우 | G35: 10 | H35: 10 | I35: 3 | J35: 7 | M35: gold | N35: 500 | S35: =S34+1 -> 26 | T35: node_29
A36: node_26 | B36: 백발의 명궁 | C36: 1 | D36: =VLOOKUP(C36,Overview!$B$2:$C$6,2,FALSE) -> 촉 | E36: 209 | F36: 황충 | G36: 10 | H36: 10 | I36: 3 | J36: 8 | O36: HuangZhong | P36: 황충 | R36: 1 | S36: =S35+1 -> 27
A37: node_27 | B37: 의의 갈림길 2 | C37: 1 | D37: =VLOOKUP(C37,Overview!$B$2:$C$6,2,FALSE) -> 촉 | E37: 200 | F37: 관우 | M37: gold | N37: 500 | R37: 1 | S37: 1
A38: node_28 | B38: 의의 갈림길 3 | C38: 1 | D38: =VLOOKUP(C38,Overview!$B$2:$C$6,2,FALSE) -> 촉 | E38: 200 | F38: 관우 | M38: gold | N38: 500 | R38: 1 | S38: =S37+1 -> 2
A39: node_29 | B39: 의의 갈림길 4 | C39: 1 | D39: =VLOOKUP(C39,Overview!$B$2:$C$6,2,FALSE) -> 촉 | E39: 200 | F39: 관우 | M39: gold | N39: 500 | R39: 1 | S39: =S38+1 -> 3

Sheet StoryMode_Unlock
A1: node_key | B1: #node_title | C1: source_node_key | D1: #source_title | E1: required_choice_seq
A2: string | B2: varchar(100) | C2: string | D2: varchar(100) | E2: int
A3: node_12b | B3: 백호 사냥 B | C3: node_7 | D3: 담보가 된 옥 | E3: 2
A4: node_15 | B4: 용의 산책 | C4: node_5 | D4: 서주학살 | E4: 2
A5: node_15 | B5: 용의 산책 | C5: node_10 | D5: 헌제 옹립 | E5: 2
A6: node_19b | B6: 관도대전 B | C6: node_15 | D6: 용의 산책 | E6: 1
A7: node_21b | B7: 상산의 기개 B | C7: node_6 | D7: 서주구원 | E7: 2
A8: node_22 | B8: 여인의 기개 | C8: node_21b | D8: 상산의 기개 B | E8: 2
A9: node_23b | B9: 손권의 결단 B | C9: node_12b | D9: 백호 사냥 B | E9: 2
A10: node_24b | B10: 강을 태운 불꽃 B | C10: node_19b | D10: 관도대전 B | E10: 2

Sheet StoryMode_Choice
A1: node_key | B1: choice_seq | C1: #choice_key
A2: string | B2: int | C2: varchar(100)
A3: node_1 | B3: 1 | C3: node_1_choice_1
A4: node_1 | B4: 2 | C4: node_1_choice_2
A5: node_5 | B5: 1 | C5: node_5_choice_1
A6: node_5 | B6: 2 | C6: node_5_choice_2
A7: node_6 | B7: 1 | C7: node_6_choice_1
A8: node_6 | B8: 2 | C8: node_6_choice_2
A9: node_7 | B9: 1 | C9: node_7_choice_1
A10: node_7 | B10: 2 | C10: node_7_choice_2
A11: node_10 | B11: 1 | C11: node_10_choice_1
A12: node_10 | B12: 2 | C12: node_10_choice_2
A13: node_12b | B13: 1 | C13: node_12b_choice_1
A14: node_12b | B14: 2 | C14: node_12b_choice_2
... A26: node_25 | B26: 2 | C26: node_25_choice_2
